filename,file_path,emotion,label,actor_id,gender
03-01-01-01-01-01-01.wav,dataset\Actor_01\03-01-01-01-01-01-01.wav,neutral,0,1,male
03-01-01-01-01-02-01.wav,dataset\Actor_01\03-01-01-01-01-02-01.wav,neutral,0,1,male
03-01-01-01-02-01-01.wav,dataset\Actor_01\03-01-01-01-02-01-01.wav,neutral,0,1,male
03-01-01-01-02-02-01.wav,dataset\Actor_01\03-01-01-01-02-02-01.wav,neutral,0,1,male
03-01-03-01-01-01-01.wav,dataset\Actor_01\03-01-03-01-01-01-01.wav,happy,1,1,male
03-01-03-01-01-02-01.wav,dataset\Actor_01\03-01-03-01-01-02-01.wav,happy,1,1,male
03-01-03-01-02-01-01.wav,dataset\Actor_01\03-01-03-01-02-01-01.wav,happy,1,1,male
03-01-03-01-02-02-01.wav,dataset\Actor_01\03-01-03-01-02-02-01.wav,happy,1,1,male
03-01-03-02-01-01-01.wav,dataset\Actor_01\03-01-03-02-01-01-01.wav,happy,1,1,male
03-01-03-02-01-02-01.wav,dataset\Actor_01\03-01-03-02-01-02-01.wav,happy,1,1,male
03-01-03-02-02-01-01.wav,dataset\Actor_01\03-01-03-02-02-01-01.wav,happy,1,1,male
03-01-03-02-02-02-01.wav,dataset\Actor_01\03-01-03-02-02-02-01.wav,happy,1,1,male
03-01-04-01-01-01-01.wav,dataset\Actor_01\03-01-04-01-01-01-01.wav,sad,2,1,male
03-01-04-01-01-02-01.wav,dataset\Actor_01\03-01-04-01-01-02-01.wav,sad,2,1,male
03-01-04-01-02-01-01.wav,dataset\Actor_01\03-01-04-01-02-01-01.wav,sad,2,1,male
03-01-04-01-02-02-01.wav,dataset\Actor_01\03-01-04-01-02-02-01.wav,sad,2,1,male
03-01-04-02-01-01-01.wav,dataset\Actor_01\03-01-04-02-01-01-01.wav,sad,2,1,male
03-01-04-02-01-02-01.wav,dataset\Actor_01\03-01-04-02-01-02-01.wav,sad,2,1,male
03-01-04-02-02-01-01.wav,dataset\Actor_01\03-01-04-02-02-01-01.wav,sad,2,1,male
03-01-04-02-02-02-01.wav,dataset\Actor_01\03-01-04-02-02-02-01.wav,sad,2,1,male
03-01-05-01-01-01-01.wav,dataset\Actor_01\03-01-05-01-01-01-01.wav,angry,3,1,male
03-01-05-01-01-02-01.wav,dataset\Actor_01\03-01-05-01-01-02-01.wav,angry,3,1,male
03-01-05-01-02-01-01.wav,dataset\Actor_01\03-01-05-01-02-01-01.wav,angry,3,1,male
03-01-05-01-02-02-01.wav,dataset\Actor_01\03-01-05-01-02-02-01.wav,angry,3,1,male
03-01-05-02-01-01-01.wav,dataset\Actor_01\03-01-05-02-01-01-01.wav,angry,3,1,male
03-01-05-02-01-02-01.wav,dataset\Actor_01\03-01-05-02-01-02-01.wav,angry,3,1,male
03-01-05-02-02-01-01.wav,dataset\Actor_01\03-01-05-02-02-01-01.wav,angry,3,1,male
03-01-05-02-02-02-01.wav,dataset\Actor_01\03-01-05-02-02-02-01.wav,angry,3,1,male
03-01-01-01-01-01-02.wav,dataset\Actor_02\03-01-01-01-01-01-02.wav,neutral,0,2,female
03-01-01-01-01-02-02.wav,dataset\Actor_02\03-01-01-01-01-02-02.wav,neutral,0,2,female
03-01-01-01-02-01-02.wav,dataset\Actor_02\03-01-01-01-02-01-02.wav,neutral,0,2,female
03-01-01-01-02-02-02.wav,dataset\Actor_02\03-01-01-01-02-02-02.wav,neutral,0,2,female
03-01-03-01-01-01-02.wav,dataset\Actor_02\03-01-03-01-01-01-02.wav,happy,1,2,female
03-01-03-01-01-02-02.wav,dataset\Actor_02\03-01-03-01-01-02-02.wav,happy,1,2,female
03-01-03-01-02-01-02.wav,dataset\Actor_02\03-01-03-01-02-01-02.wav,happy,1,2,female
03-01-03-01-02-02-02.wav,dataset\Actor_02\03-01-03-01-02-02-02.wav,happy,1,2,female
03-01-03-02-01-01-02.wav,dataset\Actor_02\03-01-03-02-01-01-02.wav,happy,1,2,female
03-01-03-02-01-02-02.wav,dataset\Actor_02\03-01-03-02-01-02-02.wav,happy,1,2,female
03-01-03-02-02-01-02.wav,dataset\Actor_02\03-01-03-02-02-01-02.wav,happy,1,2,female
03-01-03-02-02-02-02.wav,dataset\Actor_02\03-01-03-02-02-02-02.wav,happy,1,2,female
03-01-04-01-01-01-02.wav,dataset\Actor_02\03-01-04-01-01-01-02.wav,sad,2,2,female
03-01-04-01-01-02-02.wav,dataset\Actor_02\03-01-04-01-01-02-02.wav,sad,2,2,female
03-01-04-01-02-01-02.wav,dataset\Actor_02\03-01-04-01-02-01-02.wav,sad,2,2,female
03-01-04-01-02-02-02.wav,dataset\Actor_02\03-01-04-01-02-02-02.wav,sad,2,2,female
03-01-04-02-01-01-02.wav,dataset\Actor_02\03-01-04-02-01-01-02.wav,sad,2,2,female
03-01-04-02-01-02-02.wav,dataset\Actor_02\03-01-04-02-01-02-02.wav,sad,2,2,female
03-01-04-02-02-01-02.wav,dataset\Actor_02\03-01-04-02-02-01-02.wav,sad,2,2,female
03-01-04-02-02-02-02.wav,dataset\Actor_02\03-01-04-02-02-02-02.wav,sad,2,2,female
03-01-05-01-01-01-02.wav,dataset\Actor_02\03-01-05-01-01-01-02.wav,angry,3,2,female
03-01-05-01-01-02-02.wav,dataset\Actor_02\03-01-05-01-01-02-02.wav,angry,3,2,female
03-01-05-01-02-01-02.wav,dataset\Actor_02\03-01-05-01-02-01-02.wav,angry,3,2,female
03-01-05-01-02-02-02.wav,dataset\Actor_02\03-01-05-01-02-02-02.wav,angry,3,2,female
03-01-05-02-01-01-02.wav,dataset\Actor_02\03-01-05-02-01-01-02.wav,angry,3,2,female
03-01-05-02-01-02-02.wav,dataset\Actor_02\03-01-05-02-01-02-02.wav,angry,3,2,female
03-01-05-02-02-01-02.wav,dataset\Actor_02\03-01-05-02-02-01-02.wav,angry,3,2,female
03-01-05-02-02-02-02.wav,dataset\Actor_02\03-01-05-02-02-02-02.wav,angry,3,2,female
03-01-01-01-01-01-03.wav,dataset\Actor_03\03-01-01-01-01-01-03.wav,neutral,0,3,male
03-01-01-01-01-02-03.wav,dataset\Actor_03\03-01-01-01-01-02-03.wav,neutral,0,3,male
03-01-01-01-02-01-03.wav,dataset\Actor_03\03-01-01-01-02-01-03.wav,neutral,0,3,male
03-01-01-01-02-02-03.wav,dataset\Actor_03\03-01-01-01-02-02-03.wav,neutral,0,3,male
03-01-03-01-01-01-03.wav,dataset\Actor_03\03-01-03-01-01-01-03.wav,happy,1,3,male
03-01-03-01-01-02-03.wav,dataset\Actor_03\03-01-03-01-01-02-03.wav,happy,1,3,male
03-01-03-01-02-01-03.wav,dataset\Actor_03\03-01-03-01-02-01-03.wav,happy,1,3,male
03-01-03-01-02-02-03.wav,dataset\Actor_03\03-01-03-01-02-02-03.wav,happy,1,3,male
03-01-03-02-01-01-03.wav,dataset\Actor_03\03-01-03-02-01-01-03.wav,happy,1,3,male
03-01-03-02-01-02-03.wav,dataset\Actor_03\03-01-03-02-01-02-03.wav,happy,1,3,male
03-01-03-02-02-01-03.wav,dataset\Actor_03\03-01-03-02-02-01-03.wav,happy,1,3,male
03-01-03-02-02-02-03.wav,dataset\Actor_03\03-01-03-02-02-02-03.wav,happy,1,3,male
03-01-04-01-01-01-03.wav,dataset\Actor_03\03-01-04-01-01-01-03.wav,sad,2,3,male
03-01-04-01-01-02-03.wav,dataset\Actor_03\03-01-04-01-01-02-03.wav,sad,2,3,male
03-01-04-01-02-01-03.wav,dataset\Actor_03\03-01-04-01-02-01-03.wav,sad,2,3,male
03-01-04-01-02-02-03.wav,dataset\Actor_03\03-01-04-01-02-02-03.wav,sad,2,3,male
03-01-04-02-01-01-03.wav,dataset\Actor_03\03-01-04-02-01-01-03.wav,sad,2,3,male
03-01-04-02-01-02-03.wav,dataset\Actor_03\03-01-04-02-01-02-03.wav,sad,2,3,male
03-01-04-02-02-01-03.wav,dataset\Actor_03\03-01-04-02-02-01-03.wav,sad,2,3,male
03-01-04-02-02-02-03.wav,dataset\Actor_03\03-01-04-02-02-02-03.wav,sad,2,3,male
03-01-05-01-01-01-03.wav,dataset\Actor_03\03-01-05-01-01-01-03.wav,angry,3,3,male
03-01-05-01-01-02-03.wav,dataset\Actor_03\03-01-05-01-01-02-03.wav,angry,3,3,male
03-01-05-01-02-01-03.wav,dataset\Actor_03\03-01-05-01-02-01-03.wav,angry,3,3,male
03-01-05-01-02-02-03.wav,dataset\Actor_03\03-01-05-01-02-02-03.wav,angry,3,3,male
03-01-05-02-01-01-03.wav,dataset\Actor_03\03-01-05-02-01-01-03.wav,angry,3,3,male
03-01-05-02-01-02-03.wav,dataset\Actor_03\03-01-05-02-01-02-03.wav,angry,3,3,male
03-01-05-02-02-01-03.wav,dataset\Actor_03\03-01-05-02-02-01-03.wav,angry,3,3,male
03-01-05-02-02-02-03.wav,dataset\Actor_03\03-01-05-02-02-02-03.wav,angry,3,3,male
03-01-01-01-01-01-04.wav,dataset\Actor_04\03-01-01-01-01-01-04.wav,neutral,0,4,female
03-01-01-01-01-02-04.wav,dataset\Actor_04\03-01-01-01-01-02-04.wav,neutral,0,4,female
03-01-01-01-02-01-04.wav,dataset\Actor_04\03-01-01-01-02-01-04.wav,neutral,0,4,female
03-01-01-01-02-02-04.wav,dataset\Actor_04\03-01-01-01-02-02-04.wav,neutral,0,4,female
03-01-03-01-01-01-04.wav,dataset\Actor_04\03-01-03-01-01-01-04.wav,happy,1,4,female
03-01-03-01-01-02-04.wav,dataset\Actor_04\03-01-03-01-01-02-04.wav,happy,1,4,female
03-01-03-01-02-01-04.wav,dataset\Actor_04\03-01-03-01-02-01-04.wav,happy,1,4,female
03-01-03-01-02-02-04.wav,dataset\Actor_04\03-01-03-01-02-02-04.wav,happy,1,4,female
03-01-03-02-01-01-04.wav,dataset\Actor_04\03-01-03-02-01-01-04.wav,happy,1,4,female
03-01-03-02-01-02-04.wav,dataset\Actor_04\03-01-03-02-01-02-04.wav,happy,1,4,female
03-01-03-02-02-01-04.wav,dataset\Actor_04\03-01-03-02-02-01-04.wav,happy,1,4,female
03-01-03-02-02-02-04.wav,dataset\Actor_04\03-01-03-02-02-02-04.wav,happy,1,4,female
03-01-04-01-01-01-04.wav,dataset\Actor_04\03-01-04-01-01-01-04.wav,sad,2,4,female
03-01-04-01-01-02-04.wav,dataset\Actor_04\03-01-04-01-01-02-04.wav,sad,2,4,female
03-01-04-01-02-01-04.wav,dataset\Actor_04\03-01-04-01-02-01-04.wav,sad,2,4,female
03-01-04-01-02-02-04.wav,dataset\Actor_04\03-01-04-01-02-02-04.wav,sad,2,4,female
03-01-04-02-01-01-04.wav,dataset\Actor_04\03-01-04-02-01-01-04.wav,sad,2,4,female
03-01-04-02-01-02-04.wav,dataset\Actor_04\03-01-04-02-01-02-04.wav,sad,2,4,female
03-01-04-02-02-01-04.wav,dataset\Actor_04\03-01-04-02-02-01-04.wav,sad,2,4,female
03-01-04-02-02-02-04.wav,dataset\Actor_04\03-01-04-02-02-02-04.wav,sad,2,4,female
03-01-05-01-01-01-04.wav,dataset\Actor_04\03-01-05-01-01-01-04.wav,angry,3,4,female
03-01-05-01-01-02-04.wav,dataset\Actor_04\03-01-05-01-01-02-04.wav,angry,3,4,female
03-01-05-01-02-01-04.wav,dataset\Actor_04\03-01-05-01-02-01-04.wav,angry,3,4,female
03-01-05-01-02-02-04.wav,dataset\Actor_04\03-01-05-01-02-02-04.wav,angry,3,4,female
03-01-05-02-01-01-04.wav,dataset\Actor_04\03-01-05-02-01-01-04.wav,angry,3,4,female
03-01-05-02-01-02-04.wav,dataset\Actor_04\03-01-05-02-01-02-04.wav,angry,3,4,female
03-01-05-02-02-01-04.wav,dataset\Actor_04\03-01-05-02-02-01-04.wav,angry,3,4,female
03-01-05-02-02-02-04.wav,dataset\Actor_04\03-01-05-02-02-02-04.wav,angry,3,4,female
03-01-01-01-01-01-05.wav,dataset\Actor_05\03-01-01-01-01-01-05.wav,neutral,0,5,male
03-01-01-01-01-02-05.wav,dataset\Actor_05\03-01-01-01-01-02-05.wav,neutral,0,5,male
03-01-01-01-02-01-05.wav,dataset\Actor_05\03-01-01-01-02-01-05.wav,neutral,0,5,male
03-01-01-01-02-02-05.wav,dataset\Actor_05\03-01-01-01-02-02-05.wav,neutral,0,5,male
03-01-03-01-01-01-05.wav,dataset\Actor_05\03-01-03-01-01-01-05.wav,happy,1,5,male
03-01-03-01-01-02-05.wav,dataset\Actor_05\03-01-03-01-01-02-05.wav,happy,1,5,male
03-01-03-01-02-01-05.wav,dataset\Actor_05\03-01-03-01-02-01-05.wav,happy,1,5,male
03-01-03-01-02-02-05.wav,dataset\Actor_05\03-01-03-01-02-02-05.wav,happy,1,5,male
03-01-03-02-01-01-05.wav,dataset\Actor_05\03-01-03-02-01-01-05.wav,happy,1,5,male
03-01-03-02-01-02-05.wav,dataset\Actor_05\03-01-03-02-01-02-05.wav,happy,1,5,male
03-01-03-02-02-01-05.wav,dataset\Actor_05\03-01-03-02-02-01-05.wav,happy,1,5,male
03-01-03-02-02-02-05.wav,dataset\Actor_05\03-01-03-02-02-02-05.wav,happy,1,5,male
03-01-04-01-01-01-05.wav,dataset\Actor_05\03-01-04-01-01-01-05.wav,sad,2,5,male
03-01-04-01-01-02-05.wav,dataset\Actor_05\03-01-04-01-01-02-05.wav,sad,2,5,male
03-01-04-01-02-01-05.wav,dataset\Actor_05\03-01-04-01-02-01-05.wav,sad,2,5,male
03-01-04-01-02-02-05.wav,dataset\Actor_05\03-01-04-01-02-02-05.wav,sad,2,5,male
03-01-04-02-01-01-05.wav,dataset\Actor_05\03-01-04-02-01-01-05.wav,sad,2,5,male
03-01-04-02-01-02-05.wav,dataset\Actor_05\03-01-04-02-01-02-05.wav,sad,2,5,male
03-01-04-02-02-01-05.wav,dataset\Actor_05\03-01-04-02-02-01-05.wav,sad,2,5,male
03-01-04-02-02-02-05.wav,dataset\Actor_05\03-01-04-02-02-02-05.wav,sad,2,5,male
03-01-05-01-01-01-05.wav,dataset\Actor_05\03-01-05-01-01-01-05.wav,angry,3,5,male
03-01-05-01-01-02-05.wav,dataset\Actor_05\03-01-05-01-01-02-05.wav,angry,3,5,male
03-01-05-01-02-01-05.wav,dataset\Actor_05\03-01-05-01-02-01-05.wav,angry,3,5,male
03-01-05-01-02-02-05.wav,dataset\Actor_05\03-01-05-01-02-02-05.wav,angry,3,5,male
03-01-05-02-01-01-05.wav,dataset\Actor_05\03-01-05-02-01-01-05.wav,angry,3,5,male
03-01-05-02-01-02-05.wav,dataset\Actor_05\03-01-05-02-01-02-05.wav,angry,3,5,male
03-01-05-02-02-01-05.wav,dataset\Actor_05\03-01-05-02-02-01-05.wav,angry,3,5,male
03-01-05-02-02-02-05.wav,dataset\Actor_05\03-01-05-02-02-02-05.wav,angry,3,5,male
03-01-01-01-01-01-06.wav,dataset\Actor_06\03-01-01-01-01-01-06.wav,neutral,0,6,female
03-01-01-01-01-02-06.wav,dataset\Actor_06\03-01-01-01-01-02-06.wav,neutral,0,6,female
03-01-01-01-02-01-06.wav,dataset\Actor_06\03-01-01-01-02-01-06.wav,neutral,0,6,female
03-01-01-01-02-02-06.wav,dataset\Actor_06\03-01-01-01-02-02-06.wav,neutral,0,6,female
03-01-03-01-01-01-06.wav,dataset\Actor_06\03-01-03-01-01-01-06.wav,happy,1,6,female
03-01-03-01-01-02-06.wav,dataset\Actor_06\03-01-03-01-01-02-06.wav,happy,1,6,female
03-01-03-01-02-01-06.wav,dataset\Actor_06\03-01-03-01-02-01-06.wav,happy,1,6,female
03-01-03-01-02-02-06.wav,dataset\Actor_06\03-01-03-01-02-02-06.wav,happy,1,6,female
03-01-03-02-01-01-06.wav,dataset\Actor_06\03-01-03-02-01-01-06.wav,happy,1,6,female
03-01-03-02-01-02-06.wav,dataset\Actor_06\03-01-03-02-01-02-06.wav,happy,1,6,female
03-01-03-02-02-01-06.wav,dataset\Actor_06\03-01-03-02-02-01-06.wav,happy,1,6,female
03-01-03-02-02-02-06.wav,dataset\Actor_06\03-01-03-02-02-02-06.wav,happy,1,6,female
03-01-04-01-01-01-06.wav,dataset\Actor_06\03-01-04-01-01-01-06.wav,sad,2,6,female
03-01-04-01-01-02-06.wav,dataset\Actor_06\03-01-04-01-01-02-06.wav,sad,2,6,female
03-01-04-01-02-01-06.wav,dataset\Actor_06\03-01-04-01-02-01-06.wav,sad,2,6,female
03-01-04-01-02-02-06.wav,dataset\Actor_06\03-01-04-01-02-02-06.wav,sad,2,6,female
03-01-04-02-01-01-06.wav,dataset\Actor_06\03-01-04-02-01-01-06.wav,sad,2,6,female
03-01-04-02-01-02-06.wav,dataset\Actor_06\03-01-04-02-01-02-06.wav,sad,2,6,female
03-01-04-02-02-01-06.wav,dataset\Actor_06\03-01-04-02-02-01-06.wav,sad,2,6,female
03-01-04-02-02-02-06.wav,dataset\Actor_06\03-01-04-02-02-02-06.wav,sad,2,6,female
03-01-05-01-01-01-06.wav,dataset\Actor_06\03-01-05-01-01-01-06.wav,angry,3,6,female
03-01-05-01-01-02-06.wav,dataset\Actor_06\03-01-05-01-01-02-06.wav,angry,3,6,female
03-01-05-01-02-01-06.wav,dataset\Actor_06\03-01-05-01-02-01-06.wav,angry,3,6,female
03-01-05-01-02-02-06.wav,dataset\Actor_06\03-01-05-01-02-02-06.wav,angry,3,6,female
03-01-05-02-01-01-06.wav,dataset\Actor_06\03-01-05-02-01-01-06.wav,angry,3,6,female
03-01-05-02-01-02-06.wav,dataset\Actor_06\03-01-05-02-01-02-06.wav,angry,3,6,female
03-01-05-02-02-01-06.wav,dataset\Actor_06\03-01-05-02-02-01-06.wav,angry,3,6,female
03-01-05-02-02-02-06.wav,dataset\Actor_06\03-01-05-02-02-02-06.wav,angry,3,6,female
03-01-01-01-01-01-07.wav,dataset\Actor_07\03-01-01-01-01-01-07.wav,neutral,0,7,male
03-01-01-01-01-02-07.wav,dataset\Actor_07\03-01-01-01-01-02-07.wav,neutral,0,7,male
03-01-01-01-02-01-07.wav,dataset\Actor_07\03-01-01-01-02-01-07.wav,neutral,0,7,male
03-01-01-01-02-02-07.wav,dataset\Actor_07\03-01-01-01-02-02-07.wav,neutral,0,7,male
03-01-03-01-01-01-07.wav,dataset\Actor_07\03-01-03-01-01-01-07.wav,happy,1,7,male
03-01-03-01-01-02-07.wav,dataset\Actor_07\03-01-03-01-01-02-07.wav,happy,1,7,male
03-01-03-01-02-01-07.wav,dataset\Actor_07\03-01-03-01-02-01-07.wav,happy,1,7,male
03-01-03-01-02-02-07.wav,dataset\Actor_07\03-01-03-01-02-02-07.wav,happy,1,7,male
03-01-03-02-01-01-07.wav,dataset\Actor_07\03-01-03-02-01-01-07.wav,happy,1,7,male
03-01-03-02-01-02-07.wav,dataset\Actor_07\03-01-03-02-01-02-07.wav,happy,1,7,male
03-01-03-02-02-01-07.wav,dataset\Actor_07\03-01-03-02-02-01-07.wav,happy,1,7,male
03-01-03-02-02-02-07.wav,dataset\Actor_07\03-01-03-02-02-02-07.wav,happy,1,7,male
03-01-04-01-01-01-07.wav,dataset\Actor_07\03-01-04-01-01-01-07.wav,sad,2,7,male
03-01-04-01-01-02-07.wav,dataset\Actor_07\03-01-04-01-01-02-07.wav,sad,2,7,male
03-01-04-01-02-01-07.wav,dataset\Actor_07\03-01-04-01-02-01-07.wav,sad,2,7,male
03-01-04-01-02-02-07.wav,dataset\Actor_07\03-01-04-01-02-02-07.wav,sad,2,7,male
03-01-04-02-01-01-07.wav,dataset\Actor_07\03-01-04-02-01-01-07.wav,sad,2,7,male
03-01-04-02-01-02-07.wav,dataset\Actor_07\03-01-04-02-01-02-07.wav,sad,2,7,male
03-01-04-02-02-01-07.wav,dataset\Actor_07\03-01-04-02-02-01-07.wav,sad,2,7,male
03-01-04-02-02-02-07.wav,dataset\Actor_07\03-01-04-02-02-02-07.wav,sad,2,7,male
03-01-05-01-01-01-07.wav,dataset\Actor_07\03-01-05-01-01-01-07.wav,angry,3,7,male
03-01-05-01-01-02-07.wav,dataset\Actor_07\03-01-05-01-01-02-07.wav,angry,3,7,male
03-01-05-01-02-01-07.wav,dataset\Actor_07\03-01-05-01-02-01-07.wav,angry,3,7,male
03-01-05-01-02-02-07.wav,dataset\Actor_07\03-01-05-01-02-02-07.wav,angry,3,7,male
03-01-05-02-01-01-07.wav,dataset\Actor_07\03-01-05-02-01-01-07.wav,angry,3,7,male
03-01-05-02-01-02-07.wav,dataset\Actor_07\03-01-05-02-01-02-07.wav,angry,3,7,male
03-01-05-02-02-01-07.wav,dataset\Actor_07\03-01-05-02-02-01-07.wav,angry,3,7,male
03-01-05-02-02-02-07.wav,dataset\Actor_07\03-01-05-02-02-02-07.wav,angry,3,7,male
03-01-01-01-01-01-08.wav,dataset\Actor_08\03-01-01-01-01-01-08.wav,neutral,0,8,female
03-01-01-01-01-02-08.wav,dataset\Actor_08\03-01-01-01-01-02-08.wav,neutral,0,8,female
03-01-01-01-02-01-08.wav,dataset\Actor_08\03-01-01-01-02-01-08.wav,neutral,0,8,female
03-01-01-01-02-02-08.wav,dataset\Actor_08\03-01-01-01-02-02-08.wav,neutral,0,8,female
03-01-03-01-01-01-08.wav,dataset\Actor_08\03-01-03-01-01-01-08.wav,happy,1,8,female
03-01-03-01-01-02-08.wav,dataset\Actor_08\03-01-03-01-01-02-08.wav,happy,1,8,female
03-01-03-01-02-01-08.wav,dataset\Actor_08\03-01-03-01-02-01-08.wav,happy,1,8,female
03-01-03-01-02-02-08.wav,dataset\Actor_08\03-01-03-01-02-02-08.wav,happy,1,8,female
03-01-03-02-01-01-08.wav,dataset\Actor_08\03-01-03-02-01-01-08.wav,happy,1,8,female
03-01-03-02-01-02-08.wav,dataset\Actor_08\03-01-03-02-01-02-08.wav,happy,1,8,female
03-01-03-02-02-01-08.wav,dataset\Actor_08\03-01-03-02-02-01-08.wav,happy,1,8,female
03-01-03-02-02-02-08.wav,dataset\Actor_08\03-01-03-02-02-02-08.wav,happy,1,8,female
03-01-04-01-01-01-08.wav,dataset\Actor_08\03-01-04-01-01-01-08.wav,sad,2,8,female
03-01-04-01-01-02-08.wav,dataset\Actor_08\03-01-04-01-01-02-08.wav,sad,2,8,female
03-01-04-01-02-01-08.wav,dataset\Actor_08\03-01-04-01-02-01-08.wav,sad,2,8,female
03-01-04-01-02-02-08.wav,dataset\Actor_08\03-01-04-01-02-02-08.wav,sad,2,8,female
03-01-04-02-01-01-08.wav,dataset\Actor_08\03-01-04-02-01-01-08.wav,sad,2,8,female
03-01-04-02-01-02-08.wav,dataset\Actor_08\03-01-04-02-01-02-08.wav,sad,2,8,female
03-01-04-02-02-01-08.wav,dataset\Actor_08\03-01-04-02-02-01-08.wav,sad,2,8,female
03-01-04-02-02-02-08.wav,dataset\Actor_08\03-01-04-02-02-02-08.wav,sad,2,8,female
03-01-05-01-01-01-08.wav,dataset\Actor_08\03-01-05-01-01-01-08.wav,angry,3,8,female
03-01-05-01-01-02-08.wav,dataset\Actor_08\03-01-05-01-01-02-08.wav,angry,3,8,female
03-01-05-01-02-01-08.wav,dataset\Actor_08\03-01-05-01-02-01-08.wav,angry,3,8,female
03-01-05-01-02-02-08.wav,dataset\Actor_08\03-01-05-01-02-02-08.wav,angry,3,8,female
03-01-05-02-01-01-08.wav,dataset\Actor_08\03-01-05-02-01-01-08.wav,angry,3,8,female
03-01-05-02-01-02-08.wav,dataset\Actor_08\03-01-05-02-01-02-08.wav,angry,3,8,female
03-01-05-02-02-01-08.wav,dataset\Actor_08\03-01-05-02-02-01-08.wav,angry,3,8,female
03-01-05-02-02-02-08.wav,dataset\Actor_08\03-01-05-02-02-02-08.wav,angry,3,8,female
03-01-01-01-01-01-09.wav,dataset\Actor_09\03-01-01-01-01-01-09.wav,neutral,0,9,male
03-01-01-01-01-02-09.wav,dataset\Actor_09\03-01-01-01-01-02-09.wav,neutral,0,9,male
03-01-01-01-02-01-09.wav,dataset\Actor_09\03-01-01-01-02-01-09.wav,neutral,0,9,male
03-01-01-01-02-02-09.wav,dataset\Actor_09\03-01-01-01-02-02-09.wav,neutral,0,9,male
03-01-03-01-01-01-09.wav,dataset\Actor_09\03-01-03-01-01-01-09.wav,happy,1,9,male
03-01-03-01-01-02-09.wav,dataset\Actor_09\03-01-03-01-01-02-09.wav,happy,1,9,male
03-01-03-01-02-01-09.wav,dataset\Actor_09\03-01-03-01-02-01-09.wav,happy,1,9,male
03-01-03-01-02-02-09.wav,dataset\Actor_09\03-01-03-01-02-02-09.wav,happy,1,9,male
03-01-03-02-01-01-09.wav,dataset\Actor_09\03-01-03-02-01-01-09.wav,happy,1,9,male
03-01-03-02-01-02-09.wav,dataset\Actor_09\03-01-03-02-01-02-09.wav,happy,1,9,male
03-01-03-02-02-01-09.wav,dataset\Actor_09\03-01-03-02-02-01-09.wav,happy,1,9,male
03-01-03-02-02-02-09.wav,dataset\Actor_09\03-01-03-02-02-02-09.wav,happy,1,9,male
03-01-04-01-01-01-09.wav,dataset\Actor_09\03-01-04-01-01-01-09.wav,sad,2,9,male
03-01-04-01-01-02-09.wav,dataset\Actor_09\03-01-04-01-01-02-09.wav,sad,2,9,male
03-01-04-01-02-01-09.wav,dataset\Actor_09\03-01-04-01-02-01-09.wav,sad,2,9,male
03-01-04-01-02-02-09.wav,dataset\Actor_09\03-01-04-01-02-02-09.wav,sad,2,9,male
03-01-04-02-01-01-09.wav,dataset\Actor_09\03-01-04-02-01-01-09.wav,sad,2,9,male
03-01-04-02-01-02-09.wav,dataset\Actor_09\03-01-04-02-01-02-09.wav,sad,2,9,male
03-01-04-02-02-01-09.wav,dataset\Actor_09\03-01-04-02-02-01-09.wav,sad,2,9,male
03-01-04-02-02-02-09.wav,dataset\Actor_09\03-01-04-02-02-02-09.wav,sad,2,9,male
03-01-05-01-01-01-09.wav,dataset\Actor_09\03-01-05-01-01-01-09.wav,angry,3,9,male
03-01-05-01-01-02-09.wav,dataset\Actor_09\03-01-05-01-01-02-09.wav,angry,3,9,male
03-01-05-01-02-01-09.wav,dataset\Actor_09\03-01-05-01-02-01-09.wav,angry,3,9,male
03-01-05-01-02-02-09.wav,dataset\Actor_09\03-01-05-01-02-02-09.wav,angry,3,9,male
03-01-05-02-01-01-09.wav,dataset\Actor_09\03-01-05-02-01-01-09.wav,angry,3,9,male
03-01-05-02-01-02-09.wav,dataset\Actor_09\03-01-05-02-01-02-09.wav,angry,3,9,male
03-01-05-02-02-01-09.wav,dataset\Actor_09\03-01-05-02-02-01-09.wav,angry,3,9,male
03-01-05-02-02-02-09.wav,dataset\Actor_09\03-01-05-02-02-02-09.wav,angry,3,9,male
03-01-01-01-01-01-10.wav,dataset\Actor_10\03-01-01-01-01-01-10.wav,neutral,0,10,female
03-01-01-01-01-02-10.wav,dataset\Actor_10\03-01-01-01-01-02-10.wav,neutral,0,10,female
03-01-01-01-02-01-10.wav,dataset\Actor_10\03-01-01-01-02-01-10.wav,neutral,0,10,female
03-01-01-01-02-02-10.wav,dataset\Actor_10\03-01-01-01-02-02-10.wav,neutral,0,10,female
03-01-03-01-01-01-10.wav,dataset\Actor_10\03-01-03-01-01-01-10.wav,happy,1,10,female
03-01-03-01-01-02-10.wav,dataset\Actor_10\03-01-03-01-01-02-10.wav,happy,1,10,female
03-01-03-01-02-01-10.wav,dataset\Actor_10\03-01-03-01-02-01-10.wav,happy,1,10,female
03-01-03-01-02-02-10.wav,dataset\Actor_10\03-01-03-01-02-02-10.wav,happy,1,10,female
03-01-03-02-01-01-10.wav,dataset\Actor_10\03-01-03-02-01-01-10.wav,happy,1,10,female
03-01-03-02-01-02-10.wav,dataset\Actor_10\03-01-03-02-01-02-10.wav,happy,1,10,female
03-01-03-02-02-01-10.wav,dataset\Actor_10\03-01-03-02-02-01-10.wav,happy,1,10,female
03-01-03-02-02-02-10.wav,dataset\Actor_10\03-01-03-02-02-02-10.wav,happy,1,10,female
03-01-04-01-01-01-10.wav,dataset\Actor_10\03-01-04-01-01-01-10.wav,sad,2,10,female
03-01-04-01-01-02-10.wav,dataset\Actor_10\03-01-04-01-01-02-10.wav,sad,2,10,female
03-01-04-01-02-01-10.wav,dataset\Actor_10\03-01-04-01-02-01-10.wav,sad,2,10,female
03-01-04-01-02-02-10.wav,dataset\Actor_10\03-01-04-01-02-02-10.wav,sad,2,10,female
03-01-04-02-01-01-10.wav,dataset\Actor_10\03-01-04-02-01-01-10.wav,sad,2,10,female
03-01-04-02-01-02-10.wav,dataset\Actor_10\03-01-04-02-01-02-10.wav,sad,2,10,female
03-01-04-02-02-01-10.wav,dataset\Actor_10\03-01-04-02-02-01-10.wav,sad,2,10,female
03-01-04-02-02-02-10.wav,dataset\Actor_10\03-01-04-02-02-02-10.wav,sad,2,10,female
03-01-05-01-01-01-10.wav,dataset\Actor_10\03-01-05-01-01-01-10.wav,angry,3,10,female
03-01-05-01-01-02-10.wav,dataset\Actor_10\03-01-05-01-01-02-10.wav,angry,3,10,female
03-01-05-01-02-01-10.wav,dataset\Actor_10\03-01-05-01-02-01-10.wav,angry,3,10,female
03-01-05-01-02-02-10.wav,dataset\Actor_10\03-01-05-01-02-02-10.wav,angry,3,10,female
03-01-05-02-01-01-10.wav,dataset\Actor_10\03-01-05-02-01-01-10.wav,angry,3,10,female
03-01-05-02-01-02-10.wav,dataset\Actor_10\03-01-05-02-01-02-10.wav,angry,3,10,female
03-01-05-02-02-01-10.wav,dataset\Actor_10\03-01-05-02-02-01-10.wav,angry,3,10,female
03-01-05-02-02-02-10.wav,dataset\Actor_10\03-01-05-02-02-02-10.wav,angry,3,10,female
03-01-01-01-01-01-11.wav,dataset\Actor_11\03-01-01-01-01-01-11.wav,neutral,0,11,male
03-01-01-01-01-02-11.wav,dataset\Actor_11\03-01-01-01-01-02-11.wav,neutral,0,11,male
03-01-01-01-02-01-11.wav,dataset\Actor_11\03-01-01-01-02-01-11.wav,neutral,0,11,male
03-01-01-01-02-02-11.wav,dataset\Actor_11\03-01-01-01-02-02-11.wav,neutral,0,11,male
03-01-03-01-01-01-11.wav,dataset\Actor_11\03-01-03-01-01-01-11.wav,happy,1,11,male
03-01-03-01-01-02-11.wav,dataset\Actor_11\03-01-03-01-01-02-11.wav,happy,1,11,male
03-01-03-01-02-01-11.wav,dataset\Actor_11\03-01-03-01-02-01-11.wav,happy,1,11,male
03-01-03-01-02-02-11.wav,dataset\Actor_11\03-01-03-01-02-02-11.wav,happy,1,11,male
03-01-03-02-01-01-11.wav,dataset\Actor_11\03-01-03-02-01-01-11.wav,happy,1,11,male
03-01-03-02-01-02-11.wav,dataset\Actor_11\03-01-03-02-01-02-11.wav,happy,1,11,male
03-01-03-02-02-01-11.wav,dataset\Actor_11\03-01-03-02-02-01-11.wav,happy,1,11,male
03-01-03-02-02-02-11.wav,dataset\Actor_11\03-01-03-02-02-02-11.wav,happy,1,11,male
03-01-04-01-01-01-11.wav,dataset\Actor_11\03-01-04-01-01-01-11.wav,sad,2,11,male
03-01-04-01-01-02-11.wav,dataset\Actor_11\03-01-04-01-01-02-11.wav,sad,2,11,male
03-01-04-01-02-01-11.wav,dataset\Actor_11\03-01-04-01-02-01-11.wav,sad,2,11,male
03-01-04-01-02-02-11.wav,dataset\Actor_11\03-01-04-01-02-02-11.wav,sad,2,11,male
03-01-04-02-01-01-11.wav,dataset\Actor_11\03-01-04-02-01-01-11.wav,sad,2,11,male
03-01-04-02-01-02-11.wav,dataset\Actor_11\03-01-04-02-01-02-11.wav,sad,2,11,male
03-01-04-02-02-01-11.wav,dataset\Actor_11\03-01-04-02-02-01-11.wav,sad,2,11,male
03-01-04-02-02-02-11.wav,dataset\Actor_11\03-01-04-02-02-02-11.wav,sad,2,11,male
03-01-05-01-01-01-11.wav,dataset\Actor_11\03-01-05-01-01-01-11.wav,angry,3,11,male
03-01-05-01-01-02-11.wav,dataset\Actor_11\03-01-05-01-01-02-11.wav,angry,3,11,male
03-01-05-01-02-01-11.wav,dataset\Actor_11\03-01-05-01-02-01-11.wav,angry,3,11,male
03-01-05-01-02-02-11.wav,dataset\Actor_11\03-01-05-01-02-02-11.wav,angry,3,11,male
03-01-05-02-01-01-11.wav,dataset\Actor_11\03-01-05-02-01-01-11.wav,angry,3,11,male
03-01-05-02-01-02-11.wav,dataset\Actor_11\03-01-05-02-01-02-11.wav,angry,3,11,male
03-01-05-02-02-01-11.wav,dataset\Actor_11\03-01-05-02-02-01-11.wav,angry,3,11,male
03-01-05-02-02-02-11.wav,dataset\Actor_11\03-01-05-02-02-02-11.wav,angry,3,11,male
03-01-01-01-01-01-12.wav,dataset\Actor_12\03-01-01-01-01-01-12.wav,neutral,0,12,female
03-01-01-01-01-02-12.wav,dataset\Actor_12\03-01-01-01-01-02-12.wav,neutral,0,12,female
03-01-01-01-02-01-12.wav,dataset\Actor_12\03-01-01-01-02-01-12.wav,neutral,0,12,female
03-01-01-01-02-02-12.wav,dataset\Actor_12\03-01-01-01-02-02-12.wav,neutral,0,12,female
03-01-03-01-01-01-12.wav,dataset\Actor_12\03-01-03-01-01-01-12.wav,happy,1,12,female
03-01-03-01-01-02-12.wav,dataset\Actor_12\03-01-03-01-01-02-12.wav,happy,1,12,female
03-01-03-01-02-01-12.wav,dataset\Actor_12\03-01-03-01-02-01-12.wav,happy,1,12,female
03-01-03-01-02-02-12.wav,dataset\Actor_12\03-01-03-01-02-02-12.wav,happy,1,12,female
03-01-03-02-01-01-12.wav,dataset\Actor_12\03-01-03-02-01-01-12.wav,happy,1,12,female
03-01-03-02-01-02-12.wav,dataset\Actor_12\03-01-03-02-01-02-12.wav,happy,1,12,female
03-01-03-02-02-01-12.wav,dataset\Actor_12\03-01-03-02-02-01-12.wav,happy,1,12,female
03-01-03-02-02-02-12.wav,dataset\Actor_12\03-01-03-02-02-02-12.wav,happy,1,12,female
03-01-04-01-01-01-12.wav,dataset\Actor_12\03-01-04-01-01-01-12.wav,sad,2,12,female
03-01-04-01-01-02-12.wav,dataset\Actor_12\03-01-04-01-01-02-12.wav,sad,2,12,female
03-01-04-01-02-01-12.wav,dataset\Actor_12\03-01-04-01-02-01-12.wav,sad,2,12,female
03-01-04-01-02-02-12.wav,dataset\Actor_12\03-01-04-01-02-02-12.wav,sad,2,12,female
03-01-04-02-01-01-12.wav,dataset\Actor_12\03-01-04-02-01-01-12.wav,sad,2,12,female
03-01-04-02-01-02-12.wav,dataset\Actor_12\03-01-04-02-01-02-12.wav,sad,2,12,female
03-01-04-02-02-01-12.wav,dataset\Actor_12\03-01-04-02-02-01-12.wav,sad,2,12,female
03-01-04-02-02-02-12.wav,dataset\Actor_12\03-01-04-02-02-02-12.wav,sad,2,12,female
03-01-05-01-01-01-12.wav,dataset\Actor_12\03-01-05-01-01-01-12.wav,angry,3,12,female
03-01-05-01-01-02-12.wav,dataset\Actor_12\03-01-05-01-01-02-12.wav,angry,3,12,female
03-01-05-01-02-01-12.wav,dataset\Actor_12\03-01-05-01-02-01-12.wav,angry,3,12,female
03-01-05-01-02-02-12.wav,dataset\Actor_12\03-01-05-01-02-02-12.wav,angry,3,12,female
03-01-05-02-01-01-12.wav,dataset\Actor_12\03-01-05-02-01-01-12.wav,angry,3,12,female
03-01-05-02-01-02-12.wav,dataset\Actor_12\03-01-05-02-01-02-12.wav,angry,3,12,female
03-01-05-02-02-01-12.wav,dataset\Actor_12\03-01-05-02-02-01-12.wav,angry,3,12,female
03-01-05-02-02-02-12.wav,dataset\Actor_12\03-01-05-02-02-02-12.wav,angry,3,12,female
03-01-01-01-01-01-13.wav,dataset\Actor_13\03-01-01-01-01-01-13.wav,neutral,0,13,male
03-01-01-01-01-02-13.wav,dataset\Actor_13\03-01-01-01-01-02-13.wav,neutral,0,13,male
03-01-01-01-02-01-13.wav,dataset\Actor_13\03-01-01-01-02-01-13.wav,neutral,0,13,male
03-01-01-01-02-02-13.wav,dataset\Actor_13\03-01-01-01-02-02-13.wav,neutral,0,13,male
03-01-03-01-01-01-13.wav,dataset\Actor_13\03-01-03-01-01-01-13.wav,happy,1,13,male
03-01-03-01-01-02-13.wav,dataset\Actor_13\03-01-03-01-01-02-13.wav,happy,1,13,male
03-01-03-01-02-01-13.wav,dataset\Actor_13\03-01-03-01-02-01-13.wav,happy,1,13,male
03-01-03-01-02-02-13.wav,dataset\Actor_13\03-01-03-01-02-02-13.wav,happy,1,13,male
03-01-03-02-01-01-13.wav,dataset\Actor_13\03-01-03-02-01-01-13.wav,happy,1,13,male
03-01-03-02-01-02-13.wav,dataset\Actor_13\03-01-03-02-01-02-13.wav,happy,1,13,male
03-01-03-02-02-01-13.wav,dataset\Actor_13\03-01-03-02-02-01-13.wav,happy,1,13,male
03-01-03-02-02-02-13.wav,dataset\Actor_13\03-01-03-02-02-02-13.wav,happy,1,13,male
03-01-04-01-01-01-13.wav,dataset\Actor_13\03-01-04-01-01-01-13.wav,sad,2,13,male
03-01-04-01-01-02-13.wav,dataset\Actor_13\03-01-04-01-01-02-13.wav,sad,2,13,male
03-01-04-01-02-01-13.wav,dataset\Actor_13\03-01-04-01-02-01-13.wav,sad,2,13,male
03-01-04-01-02-02-13.wav,dataset\Actor_13\03-01-04-01-02-02-13.wav,sad,2,13,male
03-01-04-02-01-01-13.wav,dataset\Actor_13\03-01-04-02-01-01-13.wav,sad,2,13,male
03-01-04-02-01-02-13.wav,dataset\Actor_13\03-01-04-02-01-02-13.wav,sad,2,13,male
03-01-04-02-02-01-13.wav,dataset\Actor_13\03-01-04-02-02-01-13.wav,sad,2,13,male
03-01-04-02-02-02-13.wav,dataset\Actor_13\03-01-04-02-02-02-13.wav,sad,2,13,male
03-01-05-01-01-01-13.wav,dataset\Actor_13\03-01-05-01-01-01-13.wav,angry,3,13,male
03-01-05-01-01-02-13.wav,dataset\Actor_13\03-01-05-01-01-02-13.wav,angry,3,13,male
03-01-05-01-02-01-13.wav,dataset\Actor_13\03-01-05-01-02-01-13.wav,angry,3,13,male
03-01-05-01-02-02-13.wav,dataset\Actor_13\03-01-05-01-02-02-13.wav,angry,3,13,male
03-01-05-02-01-01-13.wav,dataset\Actor_13\03-01-05-02-01-01-13.wav,angry,3,13,male
03-01-05-02-01-02-13.wav,dataset\Actor_13\03-01-05-02-01-02-13.wav,angry,3,13,male
03-01-05-02-02-01-13.wav,dataset\Actor_13\03-01-05-02-02-01-13.wav,angry,3,13,male
03-01-05-02-02-02-13.wav,dataset\Actor_13\03-01-05-02-02-02-13.wav,angry,3,13,male
03-01-01-01-01-01-14.wav,dataset\Actor_14\03-01-01-01-01-01-14.wav,neutral,0,14,female
03-01-01-01-01-02-14.wav,dataset\Actor_14\03-01-01-01-01-02-14.wav,neutral,0,14,female
03-01-01-01-02-01-14.wav,dataset\Actor_14\03-01-01-01-02-01-14.wav,neutral,0,14,female
03-01-01-01-02-02-14.wav,dataset\Actor_14\03-01-01-01-02-02-14.wav,neutral,0,14,female
03-01-03-01-01-01-14.wav,dataset\Actor_14\03-01-03-01-01-01-14.wav,happy,1,14,female
03-01-03-01-01-02-14.wav,dataset\Actor_14\03-01-03-01-01-02-14.wav,happy,1,14,female
03-01-03-01-02-01-14.wav,dataset\Actor_14\03-01-03-01-02-01-14.wav,happy,1,14,female
03-01-03-01-02-02-14.wav,dataset\Actor_14\03-01-03-01-02-02-14.wav,happy,1,14,female
03-01-03-02-01-01-14.wav,dataset\Actor_14\03-01-03-02-01-01-14.wav,happy,1,14,female
03-01-03-02-01-02-14.wav,dataset\Actor_14\03-01-03-02-01-02-14.wav,happy,1,14,female
03-01-03-02-02-01-14.wav,dataset\Actor_14\03-01-03-02-02-01-14.wav,happy,1,14,female
03-01-03-02-02-02-14.wav,dataset\Actor_14\03-01-03-02-02-02-14.wav,happy,1,14,female
03-01-04-01-01-01-14.wav,dataset\Actor_14\03-01-04-01-01-01-14.wav,sad,2,14,female
03-01-04-01-01-02-14.wav,dataset\Actor_14\03-01-04-01-01-02-14.wav,sad,2,14,female
03-01-04-01-02-01-14.wav,dataset\Actor_14\03-01-04-01-02-01-14.wav,sad,2,14,female
03-01-04-01-02-02-14.wav,dataset\Actor_14\03-01-04-01-02-02-14.wav,sad,2,14,female
03-01-04-02-01-01-14.wav,dataset\Actor_14\03-01-04-02-01-01-14.wav,sad,2,14,female
03-01-04-02-01-02-14.wav,dataset\Actor_14\03-01-04-02-01-02-14.wav,sad,2,14,female
03-01-04-02-02-01-14.wav,dataset\Actor_14\03-01-04-02-02-01-14.wav,sad,2,14,female
03-01-04-02-02-02-14.wav,dataset\Actor_14\03-01-04-02-02-02-14.wav,sad,2,14,female
03-01-05-01-01-01-14.wav,dataset\Actor_14\03-01-05-01-01-01-14.wav,angry,3,14,female
03-01-05-01-01-02-14.wav,dataset\Actor_14\03-01-05-01-01-02-14.wav,angry,3,14,female
03-01-05-01-02-01-14.wav,dataset\Actor_14\03-01-05-01-02-01-14.wav,angry,3,14,female
03-01-05-01-02-02-14.wav,dataset\Actor_14\03-01-05-01-02-02-14.wav,angry,3,14,female
03-01-05-02-01-01-14.wav,dataset\Actor_14\03-01-05-02-01-01-14.wav,angry,3,14,female
03-01-05-02-01-02-14.wav,dataset\Actor_14\03-01-05-02-01-02-14.wav,angry,3,14,female
03-01-05-02-02-01-14.wav,dataset\Actor_14\03-01-05-02-02-01-14.wav,angry,3,14,female
03-01-05-02-02-02-14.wav,dataset\Actor_14\03-01-05-02-02-02-14.wav,angry,3,14,female
03-01-01-01-01-01-15.wav,dataset\Actor_15\03-01-01-01-01-01-15.wav,neutral,0,15,male
03-01-01-01-01-02-15.wav,dataset\Actor_15\03-01-01-01-01-02-15.wav,neutral,0,15,male
03-01-01-01-02-01-15.wav,dataset\Actor_15\03-01-01-01-02-01-15.wav,neutral,0,15,male
03-01-01-01-02-02-15.wav,dataset\Actor_15\03-01-01-01-02-02-15.wav,neutral,0,15,male
03-01-03-01-01-01-15.wav,dataset\Actor_15\03-01-03-01-01-01-15.wav,happy,1,15,male
03-01-03-01-01-02-15.wav,dataset\Actor_15\03-01-03-01-01-02-15.wav,happy,1,15,male
03-01-03-01-02-01-15.wav,dataset\Actor_15\03-01-03-01-02-01-15.wav,happy,1,15,male
03-01-03-01-02-02-15.wav,dataset\Actor_15\03-01-03-01-02-02-15.wav,happy,1,15,male
03-01-03-02-01-01-15.wav,dataset\Actor_15\03-01-03-02-01-01-15.wav,happy,1,15,male
03-01-03-02-01-02-15.wav,dataset\Actor_15\03-01-03-02-01-02-15.wav,happy,1,15,male
03-01-03-02-02-01-15.wav,dataset\Actor_15\03-01-03-02-02-01-15.wav,happy,1,15,male
03-01-03-02-02-02-15.wav,dataset\Actor_15\03-01-03-02-02-02-15.wav,happy,1,15,male
03-01-04-01-01-01-15.wav,dataset\Actor_15\03-01-04-01-01-01-15.wav,sad,2,15,male
03-01-04-01-01-02-15.wav,dataset\Actor_15\03-01-04-01-01-02-15.wav,sad,2,15,male
03-01-04-01-02-01-15.wav,dataset\Actor_15\03-01-04-01-02-01-15.wav,sad,2,15,male
03-01-04-01-02-02-15.wav,dataset\Actor_15\03-01-04-01-02-02-15.wav,sad,2,15,male
03-01-04-02-01-01-15.wav,dataset\Actor_15\03-01-04-02-01-01-15.wav,sad,2,15,male
03-01-04-02-01-02-15.wav,dataset\Actor_15\03-01-04-02-01-02-15.wav,sad,2,15,male
03-01-04-02-02-01-15.wav,dataset\Actor_15\03-01-04-02-02-01-15.wav,sad,2,15,male
03-01-04-02-02-02-15.wav,dataset\Actor_15\03-01-04-02-02-02-15.wav,sad,2,15,male
03-01-05-01-01-01-15.wav,dataset\Actor_15\03-01-05-01-01-01-15.wav,angry,3,15,male
03-01-05-01-01-02-15.wav,dataset\Actor_15\03-01-05-01-01-02-15.wav,angry,3,15,male
03-01-05-01-02-01-15.wav,dataset\Actor_15\03-01-05-01-02-01-15.wav,angry,3,15,male
03-01-05-01-02-02-15.wav,dataset\Actor_15\03-01-05-01-02-02-15.wav,angry,3,15,male
03-01-05-02-01-01-15.wav,dataset\Actor_15\03-01-05-02-01-01-15.wav,angry,3,15,male
03-01-05-02-01-02-15.wav,dataset\Actor_15\03-01-05-02-01-02-15.wav,angry,3,15,male
03-01-05-02-02-01-15.wav,dataset\Actor_15\03-01-05-02-02-01-15.wav,angry,3,15,male
03-01-05-02-02-02-15.wav,dataset\Actor_15\03-01-05-02-02-02-15.wav,angry,3,15,male
03-01-01-01-01-01-16.wav,dataset\Actor_16\03-01-01-01-01-01-16.wav,neutral,0,16,female
03-01-01-01-01-02-16.wav,dataset\Actor_16\03-01-01-01-01-02-16.wav,neutral,0,16,female
03-01-01-01-02-01-16.wav,dataset\Actor_16\03-01-01-01-02-01-16.wav,neutral,0,16,female
03-01-01-01-02-02-16.wav,dataset\Actor_16\03-01-01-01-02-02-16.wav,neutral,0,16,female
03-01-03-01-01-01-16.wav,dataset\Actor_16\03-01-03-01-01-01-16.wav,happy,1,16,female
03-01-03-01-01-02-16.wav,dataset\Actor_16\03-01-03-01-01-02-16.wav,happy,1,16,female
03-01-03-01-02-01-16.wav,dataset\Actor_16\03-01-03-01-02-01-16.wav,happy,1,16,female
03-01-03-01-02-02-16.wav,dataset\Actor_16\03-01-03-01-02-02-16.wav,happy,1,16,female
03-01-03-02-01-01-16.wav,dataset\Actor_16\03-01-03-02-01-01-16.wav,happy,1,16,female
03-01-03-02-01-02-16.wav,dataset\Actor_16\03-01-03-02-01-02-16.wav,happy,1,16,female
03-01-03-02-02-01-16.wav,dataset\Actor_16\03-01-03-02-02-01-16.wav,happy,1,16,female
03-01-03-02-02-02-16.wav,dataset\Actor_16\03-01-03-02-02-02-16.wav,happy,1,16,female
03-01-04-01-01-01-16.wav,dataset\Actor_16\03-01-04-01-01-01-16.wav,sad,2,16,female
03-01-04-01-01-02-16.wav,dataset\Actor_16\03-01-04-01-01-02-16.wav,sad,2,16,female
03-01-04-01-02-01-16.wav,dataset\Actor_16\03-01-04-01-02-01-16.wav,sad,2,16,female
03-01-04-01-02-02-16.wav,dataset\Actor_16\03-01-04-01-02-02-16.wav,sad,2,16,female
03-01-04-02-01-01-16.wav,dataset\Actor_16\03-01-04-02-01-01-16.wav,sad,2,16,female
03-01-04-02-01-02-16.wav,dataset\Actor_16\03-01-04-02-01-02-16.wav,sad,2,16,female
03-01-04-02-02-01-16.wav,dataset\Actor_16\03-01-04-02-02-01-16.wav,sad,2,16,female
03-01-04-02-02-02-16.wav,dataset\Actor_16\03-01-04-02-02-02-16.wav,sad,2,16,female
03-01-05-01-01-01-16.wav,dataset\Actor_16\03-01-05-01-01-01-16.wav,angry,3,16,female
03-01-05-01-01-02-16.wav,dataset\Actor_16\03-01-05-01-01-02-16.wav,angry,3,16,female
03-01-05-01-02-01-16.wav,dataset\Actor_16\03-01-05-01-02-01-16.wav,angry,3,16,female
03-01-05-01-02-02-16.wav,dataset\Actor_16\03-01-05-01-02-02-16.wav,angry,3,16,female
03-01-05-02-01-01-16.wav,dataset\Actor_16\03-01-05-02-01-01-16.wav,angry,3,16,female
03-01-05-02-01-02-16.wav,dataset\Actor_16\03-01-05-02-01-02-16.wav,angry,3,16,female
03-01-05-02-02-01-16.wav,dataset\Actor_16\03-01-05-02-02-01-16.wav,angry,3,16,female
03-01-05-02-02-02-16.wav,dataset\Actor_16\03-01-05-02-02-02-16.wav,angry,3,16,female
03-01-01-01-01-01-17.wav,dataset\Actor_17\03-01-01-01-01-01-17.wav,neutral,0,17,male
03-01-01-01-01-02-17.wav,dataset\Actor_17\03-01-01-01-01-02-17.wav,neutral,0,17,male
03-01-01-01-02-01-17.wav,dataset\Actor_17\03-01-01-01-02-01-17.wav,neutral,0,17,male
03-01-01-01-02-02-17.wav,dataset\Actor_17\03-01-01-01-02-02-17.wav,neutral,0,17,male
03-01-03-01-01-01-17.wav,dataset\Actor_17\03-01-03-01-01-01-17.wav,happy,1,17,male
03-01-03-01-01-02-17.wav,dataset\Actor_17\03-01-03-01-01-02-17.wav,happy,1,17,male
03-01-03-01-02-01-17.wav,dataset\Actor_17\03-01-03-01-02-01-17.wav,happy,1,17,male
03-01-03-01-02-02-17.wav,dataset\Actor_17\03-01-03-01-02-02-17.wav,happy,1,17,male
03-01-03-02-01-01-17.wav,dataset\Actor_17\03-01-03-02-01-01-17.wav,happy,1,17,male
03-01-03-02-01-02-17.wav,dataset\Actor_17\03-01-03-02-01-02-17.wav,happy,1,17,male
03-01-03-02-02-01-17.wav,dataset\Actor_17\03-01-03-02-02-01-17.wav,happy,1,17,male
03-01-03-02-02-02-17.wav,dataset\Actor_17\03-01-03-02-02-02-17.wav,happy,1,17,male
03-01-04-01-01-01-17.wav,dataset\Actor_17\03-01-04-01-01-01-17.wav,sad,2,17,male
03-01-04-01-01-02-17.wav,dataset\Actor_17\03-01-04-01-01-02-17.wav,sad,2,17,male
03-01-04-01-02-01-17.wav,dataset\Actor_17\03-01-04-01-02-01-17.wav,sad,2,17,male
03-01-04-01-02-02-17.wav,dataset\Actor_17\03-01-04-01-02-02-17.wav,sad,2,17,male
03-01-04-02-01-01-17.wav,dataset\Actor_17\03-01-04-02-01-01-17.wav,sad,2,17,male
03-01-04-02-01-02-17.wav,dataset\Actor_17\03-01-04-02-01-02-17.wav,sad,2,17,male
03-01-04-02-02-01-17.wav,dataset\Actor_17\03-01-04-02-02-01-17.wav,sad,2,17,male
03-01-04-02-02-02-17.wav,dataset\Actor_17\03-01-04-02-02-02-17.wav,sad,2,17,male
03-01-05-01-01-01-17.wav,dataset\Actor_17\03-01-05-01-01-01-17.wav,angry,3,17,male
03-01-05-01-01-02-17.wav,dataset\Actor_17\03-01-05-01-01-02-17.wav,angry,3,17,male
03-01-05-01-02-01-17.wav,dataset\Actor_17\03-01-05-01-02-01-17.wav,angry,3,17,male
03-01-05-01-02-02-17.wav,dataset\Actor_17\03-01-05-01-02-02-17.wav,angry,3,17,male
03-01-05-02-01-01-17.wav,dataset\Actor_17\03-01-05-02-01-01-17.wav,angry,3,17,male
03-01-05-02-01-02-17.wav,dataset\Actor_17\03-01-05-02-01-02-17.wav,angry,3,17,male
03-01-05-02-02-01-17.wav,dataset\Actor_17\03-01-05-02-02-01-17.wav,angry,3,17,male
03-01-05-02-02-02-17.wav,dataset\Actor_17\03-01-05-02-02-02-17.wav,angry,3,17,male
03-01-01-01-01-01-18.wav,dataset\Actor_18\03-01-01-01-01-01-18.wav,neutral,0,18,female
03-01-01-01-01-02-18.wav,dataset\Actor_18\03-01-01-01-01-02-18.wav,neutral,0,18,female
03-01-01-01-02-01-18.wav,dataset\Actor_18\03-01-01-01-02-01-18.wav,neutral,0,18,female
03-01-01-01-02-02-18.wav,dataset\Actor_18\03-01-01-01-02-02-18.wav,neutral,0,18,female
03-01-03-01-01-01-18.wav,dataset\Actor_18\03-01-03-01-01-01-18.wav,happy,1,18,female
03-01-03-01-01-02-18.wav,dataset\Actor_18\03-01-03-01-01-02-18.wav,happy,1,18,female
03-01-03-01-02-01-18.wav,dataset\Actor_18\03-01-03-01-02-01-18.wav,happy,1,18,female
03-01-03-01-02-02-18.wav,dataset\Actor_18\03-01-03-01-02-02-18.wav,happy,1,18,female
03-01-03-02-01-01-18.wav,dataset\Actor_18\03-01-03-02-01-01-18.wav,happy,1,18,female
03-01-03-02-01-02-18.wav,dataset\Actor_18\03-01-03-02-01-02-18.wav,happy,1,18,female
03-01-03-02-02-01-18.wav,dataset\Actor_18\03-01-03-02-02-01-18.wav,happy,1,18,female
03-01-03-02-02-02-18.wav,dataset\Actor_18\03-01-03-02-02-02-18.wav,happy,1,18,female
03-01-04-01-01-01-18.wav,dataset\Actor_18\03-01-04-01-01-01-18.wav,sad,2,18,female
03-01-04-01-01-02-18.wav,dataset\Actor_18\03-01-04-01-01-02-18.wav,sad,2,18,female
03-01-04-01-02-01-18.wav,dataset\Actor_18\03-01-04-01-02-01-18.wav,sad,2,18,female
03-01-04-01-02-02-18.wav,dataset\Actor_18\03-01-04-01-02-02-18.wav,sad,2,18,female
03-01-04-02-01-01-18.wav,dataset\Actor_18\03-01-04-02-01-01-18.wav,sad,2,18,female
03-01-04-02-01-02-18.wav,dataset\Actor_18\03-01-04-02-01-02-18.wav,sad,2,18,female
03-01-04-02-02-01-18.wav,dataset\Actor_18\03-01-04-02-02-01-18.wav,sad,2,18,female
03-01-04-02-02-02-18.wav,dataset\Actor_18\03-01-04-02-02-02-18.wav,sad,2,18,female
03-01-05-01-01-01-18.wav,dataset\Actor_18\03-01-05-01-01-01-18.wav,angry,3,18,female
03-01-05-01-01-02-18.wav,dataset\Actor_18\03-01-05-01-01-02-18.wav,angry,3,18,female
03-01-05-01-02-01-18.wav,dataset\Actor_18\03-01-05-01-02-01-18.wav,angry,3,18,female
03-01-05-01-02-02-18.wav,dataset\Actor_18\03-01-05-01-02-02-18.wav,angry,3,18,female
03-01-05-02-01-01-18.wav,dataset\Actor_18\03-01-05-02-01-01-18.wav,angry,3,18,female
03-01-05-02-01-02-18.wav,dataset\Actor_18\03-01-05-02-01-02-18.wav,angry,3,18,female
03-01-05-02-02-01-18.wav,dataset\Actor_18\03-01-05-02-02-01-18.wav,angry,3,18,female
03-01-05-02-02-02-18.wav,dataset\Actor_18\03-01-05-02-02-02-18.wav,angry,3,18,female
03-01-01-01-01-01-19.wav,dataset\Actor_19\03-01-01-01-01-01-19.wav,neutral,0,19,male
03-01-01-01-01-02-19.wav,dataset\Actor_19\03-01-01-01-01-02-19.wav,neutral,0,19,male
03-01-01-01-02-01-19.wav,dataset\Actor_19\03-01-01-01-02-01-19.wav,neutral,0,19,male
03-01-01-01-02-02-19.wav,dataset\Actor_19\03-01-01-01-02-02-19.wav,neutral,0,19,male
03-01-03-01-01-01-19.wav,dataset\Actor_19\03-01-03-01-01-01-19.wav,happy,1,19,male
03-01-03-01-01-02-19.wav,dataset\Actor_19\03-01-03-01-01-02-19.wav,happy,1,19,male
03-01-03-01-02-01-19.wav,dataset\Actor_19\03-01-03-01-02-01-19.wav,happy,1,19,male
03-01-03-01-02-02-19.wav,dataset\Actor_19\03-01-03-01-02-02-19.wav,happy,1,19,male
03-01-03-02-01-01-19.wav,dataset\Actor_19\03-01-03-02-01-01-19.wav,happy,1,19,male
03-01-03-02-01-02-19.wav,dataset\Actor_19\03-01-03-02-01-02-19.wav,happy,1,19,male
03-01-03-02-02-01-19.wav,dataset\Actor_19\03-01-03-02-02-01-19.wav,happy,1,19,male
03-01-03-02-02-02-19.wav,dataset\Actor_19\03-01-03-02-02-02-19.wav,happy,1,19,male
03-01-04-01-01-01-19.wav,dataset\Actor_19\03-01-04-01-01-01-19.wav,sad,2,19,male
03-01-04-01-01-02-19.wav,dataset\Actor_19\03-01-04-01-01-02-19.wav,sad,2,19,male
03-01-04-01-02-01-19.wav,dataset\Actor_19\03-01-04-01-02-01-19.wav,sad,2,19,male
03-01-04-01-02-02-19.wav,dataset\Actor_19\03-01-04-01-02-02-19.wav,sad,2,19,male
03-01-04-02-01-01-19.wav,dataset\Actor_19\03-01-04-02-01-01-19.wav,sad,2,19,male
03-01-04-02-01-02-19.wav,dataset\Actor_19\03-01-04-02-01-02-19.wav,sad,2,19,male
03-01-04-02-02-01-19.wav,dataset\Actor_19\03-01-04-02-02-01-19.wav,sad,2,19,male
03-01-04-02-02-02-19.wav,dataset\Actor_19\03-01-04-02-02-02-19.wav,sad,2,19,male
03-01-05-01-01-01-19.wav,dataset\Actor_19\03-01-05-01-01-01-19.wav,angry,3,19,male
03-01-05-01-01-02-19.wav,dataset\Actor_19\03-01-05-01-01-02-19.wav,angry,3,19,male
03-01-05-01-02-01-19.wav,dataset\Actor_19\03-01-05-01-02-01-19.wav,angry,3,19,male
03-01-05-01-02-02-19.wav,dataset\Actor_19\03-01-05-01-02-02-19.wav,angry,3,19,male
03-01-05-02-01-01-19.wav,dataset\Actor_19\03-01-05-02-01-01-19.wav,angry,3,19,male
03-01-05-02-01-02-19.wav,dataset\Actor_19\03-01-05-02-01-02-19.wav,angry,3,19,male
03-01-05-02-02-01-19.wav,dataset\Actor_19\03-01-05-02-02-01-19.wav,angry,3,19,male
03-01-05-02-02-02-19.wav,dataset\Actor_19\03-01-05-02-02-02-19.wav,angry,3,19,male
03-01-01-01-01-01-20.wav,dataset\Actor_20\03-01-01-01-01-01-20.wav,neutral,0,20,female
03-01-01-01-01-02-20.wav,dataset\Actor_20\03-01-01-01-01-02-20.wav,neutral,0,20,female
03-01-01-01-02-01-20.wav,dataset\Actor_20\03-01-01-01-02-01-20.wav,neutral,0,20,female
03-01-01-01-02-02-20.wav,dataset\Actor_20\03-01-01-01-02-02-20.wav,neutral,0,20,female
03-01-03-01-01-01-20.wav,dataset\Actor_20\03-01-03-01-01-01-20.wav,happy,1,20,female
03-01-03-01-01-02-20.wav,dataset\Actor_20\03-01-03-01-01-02-20.wav,happy,1,20,female
03-01-03-01-02-01-20.wav,dataset\Actor_20\03-01-03-01-02-01-20.wav,happy,1,20,female
03-01-03-01-02-02-20.wav,dataset\Actor_20\03-01-03-01-02-02-20.wav,happy,1,20,female
03-01-03-02-01-01-20.wav,dataset\Actor_20\03-01-03-02-01-01-20.wav,happy,1,20,female
03-01-03-02-01-02-20.wav,dataset\Actor_20\03-01-03-02-01-02-20.wav,happy,1,20,female
03-01-03-02-02-01-20.wav,dataset\Actor_20\03-01-03-02-02-01-20.wav,happy,1,20,female
03-01-03-02-02-02-20.wav,dataset\Actor_20\03-01-03-02-02-02-20.wav,happy,1,20,female
03-01-04-01-01-01-20.wav,dataset\Actor_20\03-01-04-01-01-01-20.wav,sad,2,20,female
03-01-04-01-01-02-20.wav,dataset\Actor_20\03-01-04-01-01-02-20.wav,sad,2,20,female
03-01-04-01-02-01-20.wav,dataset\Actor_20\03-01-04-01-02-01-20.wav,sad,2,20,female
03-01-04-01-02-02-20.wav,dataset\Actor_20\03-01-04-01-02-02-20.wav,sad,2,20,female
03-01-04-02-01-01-20.wav,dataset\Actor_20\03-01-04-02-01-01-20.wav,sad,2,20,female
03-01-04-02-01-02-20.wav,dataset\Actor_20\03-01-04-02-01-02-20.wav,sad,2,20,female
03-01-04-02-02-01-20.wav,dataset\Actor_20\03-01-04-02-02-01-20.wav,sad,2,20,female
03-01-04-02-02-02-20.wav,dataset\Actor_20\03-01-04-02-02-02-20.wav,sad,2,20,female
03-01-05-01-01-01-20.wav,dataset\Actor_20\03-01-05-01-01-01-20.wav,angry,3,20,female
03-01-05-01-01-02-20.wav,dataset\Actor_20\03-01-05-01-01-02-20.wav,angry,3,20,female
03-01-05-01-02-01-20.wav,dataset\Actor_20\03-01-05-01-02-01-20.wav,angry,3,20,female
03-01-05-01-02-02-20.wav,dataset\Actor_20\03-01-05-01-02-02-20.wav,angry,3,20,female
03-01-05-02-01-01-20.wav,dataset\Actor_20\03-01-05-02-01-01-20.wav,angry,3,20,female
03-01-05-02-01-02-20.wav,dataset\Actor_20\03-01-05-02-01-02-20.wav,angry,3,20,female
03-01-05-02-02-01-20.wav,dataset\Actor_20\03-01-05-02-02-01-20.wav,angry,3,20,female
03-01-05-02-02-02-20.wav,dataset\Actor_20\03-01-05-02-02-02-20.wav,angry,3,20,female
03-01-01-01-01-01-21.wav,dataset\Actor_21\03-01-01-01-01-01-21.wav,neutral,0,21,male
03-01-01-01-01-02-21.wav,dataset\Actor_21\03-01-01-01-01-02-21.wav,neutral,0,21,male
03-01-01-01-02-01-21.wav,dataset\Actor_21\03-01-01-01-02-01-21.wav,neutral,0,21,male
03-01-01-01-02-02-21.wav,dataset\Actor_21\03-01-01-01-02-02-21.wav,neutral,0,21,male
03-01-03-01-01-01-21.wav,dataset\Actor_21\03-01-03-01-01-01-21.wav,happy,1,21,male
03-01-03-01-01-02-21.wav,dataset\Actor_21\03-01-03-01-01-02-21.wav,happy,1,21,male
03-01-03-01-02-01-21.wav,dataset\Actor_21\03-01-03-01-02-01-21.wav,happy,1,21,male
03-01-03-01-02-02-21.wav,dataset\Actor_21\03-01-03-01-02-02-21.wav,happy,1,21,male
03-01-03-02-01-01-21.wav,dataset\Actor_21\03-01-03-02-01-01-21.wav,happy,1,21,male
03-01-03-02-01-02-21.wav,dataset\Actor_21\03-01-03-02-01-02-21.wav,happy,1,21,male
03-01-03-02-02-01-21.wav,dataset\Actor_21\03-01-03-02-02-01-21.wav,happy,1,21,male
03-01-03-02-02-02-21.wav,dataset\Actor_21\03-01-03-02-02-02-21.wav,happy,1,21,male
03-01-04-01-01-01-21.wav,dataset\Actor_21\03-01-04-01-01-01-21.wav,sad,2,21,male
03-01-04-01-01-02-21.wav,dataset\Actor_21\03-01-04-01-01-02-21.wav,sad,2,21,male
03-01-04-01-02-01-21.wav,dataset\Actor_21\03-01-04-01-02-01-21.wav,sad,2,21,male
03-01-04-01-02-02-21.wav,dataset\Actor_21\03-01-04-01-02-02-21.wav,sad,2,21,male
03-01-04-02-01-01-21.wav,dataset\Actor_21\03-01-04-02-01-01-21.wav,sad,2,21,male
03-01-04-02-01-02-21.wav,dataset\Actor_21\03-01-04-02-01-02-21.wav,sad,2,21,male
03-01-04-02-02-01-21.wav,dataset\Actor_21\03-01-04-02-02-01-21.wav,sad,2,21,male
03-01-04-02-02-02-21.wav,dataset\Actor_21\03-01-04-02-02-02-21.wav,sad,2,21,male
03-01-05-01-01-01-21.wav,dataset\Actor_21\03-01-05-01-01-01-21.wav,angry,3,21,male
03-01-05-01-01-02-21.wav,dataset\Actor_21\03-01-05-01-01-02-21.wav,angry,3,21,male
03-01-05-01-02-01-21.wav,dataset\Actor_21\03-01-05-01-02-01-21.wav,angry,3,21,male
03-01-05-01-02-02-21.wav,dataset\Actor_21\03-01-05-01-02-02-21.wav,angry,3,21,male
03-01-05-02-01-01-21.wav,dataset\Actor_21\03-01-05-02-01-01-21.wav,angry,3,21,male
03-01-05-02-01-02-21.wav,dataset\Actor_21\03-01-05-02-01-02-21.wav,angry,3,21,male
03-01-05-02-02-01-21.wav,dataset\Actor_21\03-01-05-02-02-01-21.wav,angry,3,21,male
03-01-05-02-02-02-21.wav,dataset\Actor_21\03-01-05-02-02-02-21.wav,angry,3,21,male
03-01-01-01-01-01-22.wav,dataset\Actor_22\03-01-01-01-01-01-22.wav,neutral,0,22,female
03-01-01-01-01-02-22.wav,dataset\Actor_22\03-01-01-01-01-02-22.wav,neutral,0,22,female
03-01-01-01-02-01-22.wav,dataset\Actor_22\03-01-01-01-02-01-22.wav,neutral,0,22,female
03-01-01-01-02-02-22.wav,dataset\Actor_22\03-01-01-01-02-02-22.wav,neutral,0,22,female
03-01-03-01-01-01-22.wav,dataset\Actor_22\03-01-03-01-01-01-22.wav,happy,1,22,female
03-01-03-01-01-02-22.wav,dataset\Actor_22\03-01-03-01-01-02-22.wav,happy,1,22,female
03-01-03-01-02-01-22.wav,dataset\Actor_22\03-01-03-01-02-01-22.wav,happy,1,22,female
03-01-03-01-02-02-22.wav,dataset\Actor_22\03-01-03-01-02-02-22.wav,happy,1,22,female
03-01-03-02-01-01-22.wav,dataset\Actor_22\03-01-03-02-01-01-22.wav,happy,1,22,female
03-01-03-02-01-02-22.wav,dataset\Actor_22\03-01-03-02-01-02-22.wav,happy,1,22,female
03-01-03-02-02-01-22.wav,dataset\Actor_22\03-01-03-02-02-01-22.wav,happy,1,22,female
03-01-03-02-02-02-22.wav,dataset\Actor_22\03-01-03-02-02-02-22.wav,happy,1,22,female
03-01-04-01-01-01-22.wav,dataset\Actor_22\03-01-04-01-01-01-22.wav,sad,2,22,female
03-01-04-01-01-02-22.wav,dataset\Actor_22\03-01-04-01-01-02-22.wav,sad,2,22,female
03-01-04-01-02-01-22.wav,dataset\Actor_22\03-01-04-01-02-01-22.wav,sad,2,22,female
03-01-04-01-02-02-22.wav,dataset\Actor_22\03-01-04-01-02-02-22.wav,sad,2,22,female
03-01-04-02-01-01-22.wav,dataset\Actor_22\03-01-04-02-01-01-22.wav,sad,2,22,female
03-01-04-02-01-02-22.wav,dataset\Actor_22\03-01-04-02-01-02-22.wav,sad,2,22,female
03-01-04-02-02-01-22.wav,dataset\Actor_22\03-01-04-02-02-01-22.wav,sad,2,22,female
03-01-04-02-02-02-22.wav,dataset\Actor_22\03-01-04-02-02-02-22.wav,sad,2,22,female
03-01-05-01-01-01-22.wav,dataset\Actor_22\03-01-05-01-01-01-22.wav,angry,3,22,female
03-01-05-01-01-02-22.wav,dataset\Actor_22\03-01-05-01-01-02-22.wav,angry,3,22,female
03-01-05-01-02-01-22.wav,dataset\Actor_22\03-01-05-01-02-01-22.wav,angry,3,22,female
03-01-05-01-02-02-22.wav,dataset\Actor_22\03-01-05-01-02-02-22.wav,angry,3,22,female
03-01-05-02-01-01-22.wav,dataset\Actor_22\03-01-05-02-01-01-22.wav,angry,3,22,female
03-01-05-02-01-02-22.wav,dataset\Actor_22\03-01-05-02-01-02-22.wav,angry,3,22,female
03-01-05-02-02-01-22.wav,dataset\Actor_22\03-01-05-02-02-01-22.wav,angry,3,22,female
03-01-05-02-02-02-22.wav,dataset\Actor_22\03-01-05-02-02-02-22.wav,angry,3,22,female
03-01-01-01-01-01-23.wav,dataset\Actor_23\03-01-01-01-01-01-23.wav,neutral,0,23,male
03-01-01-01-01-02-23.wav,dataset\Actor_23\03-01-01-01-01-02-23.wav,neutral,0,23,male
03-01-01-01-02-01-23.wav,dataset\Actor_23\03-01-01-01-02-01-23.wav,neutral,0,23,male
03-01-01-01-02-02-23.wav,dataset\Actor_23\03-01-01-01-02-02-23.wav,neutral,0,23,male
03-01-03-01-01-01-23.wav,dataset\Actor_23\03-01-03-01-01-01-23.wav,happy,1,23,male
03-01-03-01-01-02-23.wav,dataset\Actor_23\03-01-03-01-01-02-23.wav,happy,1,23,male
03-01-03-01-02-01-23.wav,dataset\Actor_23\03-01-03-01-02-01-23.wav,happy,1,23,male
03-01-03-01-02-02-23.wav,dataset\Actor_23\03-01-03-01-02-02-23.wav,happy,1,23,male
03-01-03-02-01-01-23.wav,dataset\Actor_23\03-01-03-02-01-01-23.wav,happy,1,23,male
03-01-03-02-01-02-23.wav,dataset\Actor_23\03-01-03-02-01-02-23.wav,happy,1,23,male
03-01-03-02-02-01-23.wav,dataset\Actor_23\03-01-03-02-02-01-23.wav,happy,1,23,male
03-01-03-02-02-02-23.wav,dataset\Actor_23\03-01-03-02-02-02-23.wav,happy,1,23,male
03-01-04-01-01-01-23.wav,dataset\Actor_23\03-01-04-01-01-01-23.wav,sad,2,23,male
03-01-04-01-01-02-23.wav,dataset\Actor_23\03-01-04-01-01-02-23.wav,sad,2,23,male
03-01-04-01-02-01-23.wav,dataset\Actor_23\03-01-04-01-02-01-23.wav,sad,2,23,male
03-01-04-01-02-02-23.wav,dataset\Actor_23\03-01-04-01-02-02-23.wav,sad,2,23,male
03-01-04-02-01-01-23.wav,dataset\Actor_23\03-01-04-02-01-01-23.wav,sad,2,23,male
03-01-04-02-01-02-23.wav,dataset\Actor_23\03-01-04-02-01-02-23.wav,sad,2,23,male
03-01-04-02-02-01-23.wav,dataset\Actor_23\03-01-04-02-02-01-23.wav,sad,2,23,male
03-01-04-02-02-02-23.wav,dataset\Actor_23\03-01-04-02-02-02-23.wav,sad,2,23,male
03-01-05-01-01-01-23.wav,dataset\Actor_23\03-01-05-01-01-01-23.wav,angry,3,23,male
03-01-05-01-01-02-23.wav,dataset\Actor_23\03-01-05-01-01-02-23.wav,angry,3,23,male
03-01-05-01-02-01-23.wav,dataset\Actor_23\03-01-05-01-02-01-23.wav,angry,3,23,male
03-01-05-01-02-02-23.wav,dataset\Actor_23\03-01-05-01-02-02-23.wav,angry,3,23,male
03-01-05-02-01-01-23.wav,dataset\Actor_23\03-01-05-02-01-01-23.wav,angry,3,23,male
03-01-05-02-01-02-23.wav,dataset\Actor_23\03-01-05-02-01-02-23.wav,angry,3,23,male
03-01-05-02-02-01-23.wav,dataset\Actor_23\03-01-05-02-02-01-23.wav,angry,3,23,male
03-01-05-02-02-02-23.wav,dataset\Actor_23\03-01-05-02-02-02-23.wav,angry,3,23,male
03-01-01-01-01-01-24.wav,dataset\Actor_24\03-01-01-01-01-01-24.wav,neutral,0,24,female
03-01-01-01-01-02-24.wav,dataset\Actor_24\03-01-01-01-01-02-24.wav,neutral,0,24,female
03-01-01-01-02-01-24.wav,dataset\Actor_24\03-01-01-01-02-01-24.wav,neutral,0,24,female
03-01-01-01-02-02-24.wav,dataset\Actor_24\03-01-01-01-02-02-24.wav,neutral,0,24,female
03-01-03-01-01-01-24.wav,dataset\Actor_24\03-01-03-01-01-01-24.wav,happy,1,24,female
03-01-03-01-01-02-24.wav,dataset\Actor_24\03-01-03-01-01-02-24.wav,happy,1,24,female
03-01-03-01-02-01-24.wav,dataset\Actor_24\03-01-03-01-02-01-24.wav,happy,1,24,female
03-01-03-01-02-02-24.wav,dataset\Actor_24\03-01-03-01-02-02-24.wav,happy,1,24,female
03-01-03-02-01-01-24.wav,dataset\Actor_24\03-01-03-02-01-01-24.wav,happy,1,24,female
03-01-03-02-01-02-24.wav,dataset\Actor_24\03-01-03-02-01-02-24.wav,happy,1,24,female
03-01-03-02-02-01-24.wav,dataset\Actor_24\03-01-03-02-02-01-24.wav,happy,1,24,female
03-01-03-02-02-02-24.wav,dataset\Actor_24\03-01-03-02-02-02-24.wav,happy,1,24,female
03-01-04-01-01-01-24.wav,dataset\Actor_24\03-01-04-01-01-01-24.wav,sad,2,24,female
03-01-04-01-01-02-24.wav,dataset\Actor_24\03-01-04-01-01-02-24.wav,sad,2,24,female
03-01-04-01-02-01-24.wav,dataset\Actor_24\03-01-04-01-02-01-24.wav,sad,2,24,female
03-01-04-01-02-02-24.wav,dataset\Actor_24\03-01-04-01-02-02-24.wav,sad,2,24,female
03-01-04-02-01-01-24.wav,dataset\Actor_24\03-01-04-02-01-01-24.wav,sad,2,24,female
03-01-04-02-01-02-24.wav,dataset\Actor_24\03-01-04-02-01-02-24.wav,sad,2,24,female
03-01-04-02-02-01-24.wav,dataset\Actor_24\03-01-04-02-02-01-24.wav,sad,2,24,female
03-01-04-02-02-02-24.wav,dataset\Actor_24\03-01-04-02-02-02-24.wav,sad,2,24,female
03-01-05-01-01-01-24.wav,dataset\Actor_24\03-01-05-01-01-01-24.wav,angry,3,24,female
03-01-05-01-01-02-24.wav,dataset\Actor_24\03-01-05-01-01-02-24.wav,angry,3,24,female
03-01-05-01-02-01-24.wav,dataset\Actor_24\03-01-05-01-02-01-24.wav,angry,3,24,female
03-01-05-01-02-02-24.wav,dataset\Actor_24\03-01-05-01-02-02-24.wav,angry,3,24,female
03-01-05-02-01-01-24.wav,dataset\Actor_24\03-01-05-02-01-01-24.wav,angry,3,24,female
03-01-05-02-01-02-24.wav,dataset\Actor_24\03-01-05-02-01-02-24.wav,angry,3,24,female
03-01-05-02-02-01-24.wav,dataset\Actor_24\03-01-05-02-02-01-24.wav,angry,3,24,female
03-01-05-02-02-02-24.wav,dataset\Actor_24\03-01-05-02-02-02-24.wav,angry,3,24,female
